datarate 		Distance 		Payload data	 	Nodes  		Net_throughput		Delay		NR
2		20		1472		2		6.6958 		820.143 		0
2		20		1472		3		4.46308 		2139.58 		0
2		20		1472		4		3.34685 		3004.66 		0
2		20		1472		5		2.67749 		3342.12 		0
2		20		1472		6		2.23083 		4116.83 		0
2		20		1472		7		1.91194 		23338.3 		0
2		20		1472		8		1.67278 		6587.27 		0
2		20		1472		9		1.48643 		8142.18 		0
2		20		1472		10		1.33749 		9147.58 		0

2		25		1472		2		6.6958 		1142.79 		0
2		25		1472		3		4.46301 		2155.73 		0
2		25		1472		4		3.34694 		3112.77 		0
2		25		1472		5		2.67721 		3443.02 		0
2		25		1472		6		2.23071 		4929.93 		0
2		25		1472		7		1.91186 		5696.07 		0
2		25		1472		8		1.67255 		7021.02 		0
2		25		1472		9		1.48672 		7805.84 		0
2		25		1472		10		1.33761 		60042 		0

2		30		1472		2		6.6958 		762.182 		0
2		30		1472		3		4.46308 		2579.89 		0
2		30		1472		4		3.34693 		3175.78 		0
2		30		1472		5		2.67726 		4222.02 		0
2		30		1472		6		2.23054 		4842.61 		0
2		30		1472		7		1.91176 		5936.94 		0
2		30		1472		8		1.67262 		22674.8 		0
2		30		1472		9		1.48676 		21716 		0
2		30		1472		10		1.33776 		34393.2 		0

2		35		1472		2		6.6958 		766.139 		0
2		35		1472		3		4.46263 		2284.25 		0
2		35		1472		4		3.34694 		3392.29 		0
2		35		1472		5		2.67728 		28840.2 		0
2		35		1472		6		2.23069 		4880.53 		0
2		35		1472		7		1.9118 		6140.18 		0
2		35		1472		8		1.67249 		22555 		0
2		35		1472		9		1.48676 		7515.58 		0
2		35		1472		10		1.32111 		107024 		0

2		40		1472		2		6.6958 		1021.78 		0
2		40		1472		3		4.46305 		2223.04 		0
2		40		1472		4		3.34693 		3282.98 		0
2		40		1472		5		2.67705 		79350.9 		0
2		40		1472		6		2.23082 		25831.8 		0
2		40		1472		7		1.91177 		5694.41 		0
2		40		1472		8		1.67259 		7130.12 		0
2		40		1472		9		1.48649 		7900.58 		0
2		40		1472		10		1.33761 		33814 		0

2		45		1472		2		6.6958 		1076.43 		0
2		45		1472		3		4.4631 		2712.18 		0
2		45		1472		4		3.34694 		3142.9 		0
2		45		1472		5		2.67726 		4124.44 		0
2		45		1472		6		2.23069 		5224.81 		0
2		45		1472		7		1.91166 		6084.31 		0
2		45		1472		8		1.67259 		7163.58 		0
2		45		1472		9		1.48591 		36770.5 		0
2		45		1472		10		1.33764 		9094.53 		0

2		50		1472		2		6.6958 		1143.45 		0
2		50		1472		3		4.46306 		2030.71 		0
2		50		1472		4		3.34692 		3181.09 		0
2		50		1472		5		2.67719 		29002.7 		0
2		50		1472		6		2.23065 		4761.06 		0
2		50		1472		7		1.91165 		5775.06 		0
2		50		1472		8		1.6726 		6806.36 		0
2		50		1472		9		1.48632 		22613.3 		0
2		50		1472		10		1.33737 		9285.25 		0

2		55		1472		2		6.6958 		1015.1 		0
2		55		1472		3		4.46302 		2480.8 		0
2		55		1472		4		3.34683 		3314.5 		0
2		55		1472		5		2.67701 		4008.23 		0
2		55		1472		6		2.2306 		25722.3 		0
2		55		1472		7		1.91158 		5842.26 		0
2		55		1472		8		1.67259 		7157.18 		0
2		55		1472		9		1.4866 		8379.68 		0
2		55		1472		10		1.33738 		34655.1 		0

2		60		1472		2		6.6958 		1077.62 		0
2		60		1472		3		4.46308 		2327.56 		0
2		60		1472		4		2.87646 		3581.31 		0
2		60		1472		5		2.60978 		4406.01 		0
2		60		1472		6		2.09132 		5478.13 		0
2		60		1472		7		1.84344 		6384.56 		0
2		60		1472		8		1.52415 		8431.34 		0
2		60		1472		9		1.39336 		8957.62 		0
2		60		1472		10		1.32092 		23700 		0

2		65		1472		2		6.6958 		1137.32 		0
2		65		1472		3		4.46305 		2063.98 		0
2		65		1472		4		2.51016 		2915.25 		1
2		65		1472		5		2.14144 		3419.77 		1
2		65		1472		6		1.85885 		4928.8 		1
2		65		1472		7		1.6388 		5905.89 		1
2		65		1472		8		1.4637 		6667.96 		1
2		65		1472		9		1.32121 		7675.62 		1
2		65		1472		10		1.20396 		23540.8 		1

2		70		1472		2		6.6958 		862.144 		0
2		70		1472		3		3.2354 		4096.06 		0
2		70		1472		4		1.67334 		1752.11 		1
2		70		1472		5		1.60668 		3046.29 		1
2		70		1472		6		1.91916 		6497.84 		1
2		70		1472		7		1.48444 		6888.03 		1
2		70		1472		8		1.25461 		6149.82 		1
2		70		1472		9		1.18011 		55586.2 		1
2		70		1472		10		1.18735 		9497.38 		1

2		75		1472		2		3.34821 		0 		1
2		75		1472		3		2.78753 		1017.35 		1
2		75		1472		4		0.837054 		0 		1
2		75		1472		5		0.802922 		8347.54 		1
2		75		1472		6		0.890848 		6767.16 		1
2		75		1472		7		0.881369 		12626.9 		1
2		75		1472		8		0.637438 		76642.8 		1
2		75		1472		9		0.666431 		32830.7 		1
2		75		1472		10		3.27826 		26940.6 		1

2		80		1472		2		3.34821 		0 		1
2		80		1472		3		1.4881 		0 		1
2		80		1472		4		0.837054 		0 		1
2		80		1472		5		0.535714 		0 		1
2		80		1472		6		0.372024 		0 		1
2		80		1472		7		0.273324 		0 		1
2		80		1472		8		0.209263 		0 		1
2		80		1472		9		0.165344 		0 		1
2		80		1472		10		0.133929 		0 		1

2		85		1472		2		3.34821 		0 		1
2		85		1472		3		1.4881 		0 		1
2		85		1472		4		0.837054 		0 		1
2		85		1472		5		0.535714 		0 		1
2		85		1472		6		0.372024 		0 		1
2		85		1472		7		0.273324 		0 		1
2		85		1472		8		0.209263 		0 		1
2		85		1472		9		0.165344 		0 		1
2		85		1472		10		0.133929 		0 		1

2		90		1472		2		3.34821 		0 		1
2		90		1472		3		1.4881 		0 		1
2		90		1472		4		0.837054 		0 		1
2		90		1472		5		0.535714 		0 		1
2		90		1472		6		0.372024 		0 		1
2		90		1472		7		0.273324 		0 		1
2		90		1472		8		0.209263 		0 		1
2		90		1472		9		0.165344 		0 		1
2		90		1472		10		0.133929 		0 		1

2		95		1472		2		3.34821 		0 		1
2		95		1472		3		1.4881 		0 		1
2		95		1472		4		0.837054 		0 		1
2		95		1472		5		0.535714 		0 		1
2		95		1472		6		0.372024 		0 		1
2		95		1472		7		0.273324 		0 		1
2		95		1472		8		0.209263 		0 		1
2		95		1472		9		0.165344 		0 		1
2		95		1472		10		0.133929 		0 		1

2		100		1472		2		3.34821 		0 		1
2		100		1472		3		1.4881 		0 		1
2		100		1472		4		0.837054 		0 		1
2		100		1472		5		0.535714 		0 		1
2		100		1472		6		0.372024 		0 		1
2		100		1472		7		0.273324 		0 		1
2		100		1472		8		0.209263 		0 		1
2		100		1472		9		0.165344 		0 		1
2		100		1472		10		0.133929 		0 		1

2		20		1000		2		4.58897 		643.743 		0
2		20		1000		3		3.0589 		1698.58 		0
2		20		1000		4		2.29399 		2271.85 		0
2		20		1000		5		1.83513 		2575.16 		0
2		20		1000		6		1.52909 		24035 		0
2		20		1000		7		1.31042 		4271.78 		0
2		20		1000		8		1.14658 		5379.76 		0
2		20		1000		9		1.01897 		6311.47 		0
2		20		1000		10		0.917022 		7129.33 		0

2		25		1000		2		4.58897 		966.388 		0
2		25		1000		3		3.05885 		1714.73 		0
2		25		1000		4		2.29399 		2489.86 		0
2		25		1000		5		1.83501 		2750.51 		0
2		25		1000		6		1.52901 		24685.9 		0
2		25		1000		7		1.31049 		4416.75 		0
2		25		1000		8		1.14638 		5300.13 		0
2		25		1000		9		1.01914 		20007.2 		0
2		25		1000		10		0.917044 		7552.45 		0

2		30		1000		2		4.58897 		585.782 		0
2		30		1000		3		3.0589 		2109.49 		0
2		30		1000		4		2.29398 		2547.36 		0
2		30		1000		5		1.83504 		3359.56 		0
2		30		1000		6		1.529 		3608.12 		0
2		30		1000		7		1.31044 		4602 		0
2		30		1000		8		1.14642 		5446.05 		0
2		30		1000		9		1.01898 		47726.3 		0
2		30		1000		10		0.916868 		19412.1 		0

2		35		1000		2		4.58897 		589.739 		0
2		35		1000		3		3.05864 		1828.55 		0
2		35		1000		4		2.29398 		2719.76 		0
2		35		1000		5		1.83504 		2894.71 		0
2		35		1000		6		1.52896 		3730.84 		0
2		35		1000		7		1.31047 		4773.31 		0
2		35		1000		8		1.14656 		5539.7 		0
2		35		1000		9		1.01913 		5787.42 		0
2		35		1000		10		0.917119 		19187.7 		0

2		40		1000		2		4.58897 		845.384 		0
2		40		1000		3		3.05889 		1782.04 		0
2		40		1000		4		2.29398 		2626.99 		0
2		40		1000		5		1.835 		3282.02 		0
2		40		1000		6		1.52894 		25064.5 		0
2		40		1000		7		1.31034 		4516.23 		0
2		40		1000		8		1.14653 		5516.9 		0
2		40		1000		9		1.01904 		6258.45 		0
2		40		1000		10		0.916895 		6900.59 		0

2		45		1000		2		4.58897 		900.03 		0
2		45		1000		3		3.05892 		2241.78 		0
2		45		1000		4		2.29399 		2503.45 		0
2		45		1000		5		1.83495 		3179.1 		0
2		45		1000		6		1.52901 		4148.04 		0
2		45		1000		7		1.31043 		4698.69 		0
2		45		1000		8		1.14651 		20915.8 		0
2		45		1000		9		1.01905 		19952.7 		0
2		45		1000		10		0.917062 		19341.5 		0

2		50		1000		2		4.58897 		967.05 		0
2		50		1000		3		3.0589 		1588.4 		0
2		50		1000		4		2.29397 		2541.64 		0
2		50		1000		5		1.835 		28125.1 		0
2		50		1000		6		1.52884 		3784.17 		0
2		50		1000		7		1.31048 		4965.42 		0
2		50		1000		8		1.14656 		5202.36 		0
2		50		1000		9		1.01891 		20727 		0
2		50		1000		10		0.916939 		7406.72 		0

2		55		1000		2		4.58897 		838.696 		0
2		55		1000		3		3.05886 		2025.1 		0
2		55		1000		4		2.29385 		2437.95 		0
2		55		1000		5		1.8349 		3165.92 		0
2		55		1000		6		1.52899 		4055.65 		0
2		55		1000		7		1.31017 		4882.2 		0
2		55		1000		8		1.1464 		5593.05 		0
2		55		1000		9		1.01909 		6466.51 		0
2		55		1000		10		0.916908 		20287.6 		0

2		60		1000		2		4.58897 		901.216 		0
2		60		1000		3		3.0589 		1886.56 		0
2		60		1000		4		2.29383 		2902.39 		0
2		60		1000		5		1.78913 		3287.14 		0
2		60		1000		6		1.49708 		4116.57 		0
2		60		1000		7		1.21677 		5029.02 		0
2		60		1000		8		1.12864 		21540.3 		0
2		60		1000		9		0.990656 		6785.28 		0
2		60		1000		10		0.894074 		83245.5 		0

2		65		1000		2		4.58897 		960.923 		0
2		65		1000		3		3.05888 		1507.85 		0
2		65		1000		4		1.72037 		2358.17 		1
2		65		1000		5		1.46789 		2596.2 		1
2		65		1000		6		1.27418 		3652.37 		1
2		65		1000		7		1.12337 		4309.13 		1
2		65		1000		8		1.00333 		5409.22 		1
2		65		1000		9		0.905579 		6228.7 		1
2		65		1000		10		0.825335 		7447.9 		1

2		70		1000		2		4.58897 		625.944 		0
2		70		1000		3		3.37529 		3690.29 		0
2		70		1000		4		1.2184 		5769.28 		1
2		70		1000		5		1.422 		3708.37 		1
2		70		1000		6		1.15286 		5198.82 		1
2		70		1000		7		1.00626 		5331.19 		1
2		70		1000		8		0.922524 		6206.66 		1
2		70		1000		9		0.825535 		7778.09 		1
2		70		1000		10		0.790902 		8013.24 		1

2		75		1000		2		2.29464 		0 		1
2		75		1000		3		1.40207 		5075.58 		1
2		75		1000		4		0.717013 		3646.08 		1
2		75		1000		5		0.642357 		3467.24 		1
2		75		1000		6		0.625968 		10880.6 		1
2		75		1000		7		0.771709 		7696.44 		1
2		75		1000		8		0.631918 		15375.7 		1
2		75		1000		9		0.519607 		24275.8 		1
2		75		1000		10		0.575491 		46916.4 		1

2		80		1000		2		2.29464 		0 		1
2		80		1000		3		1.01984 		0 		1
2		80		1000		4		0.573661 		0 		1
2		80		1000		5		0.367143 		0 		1
2		80		1000		6		0.25496 		0 		1
2		80		1000		7		0.187318 		0 		1
2		80		1000		8		0.143415 		0 		1
2		80		1000		9		0.113316 		0 		1
2		80		1000		10		0.0917857 		0 		1

2		85		1000		2		2.29464 		0 		1
2		85		1000		3		1.01984 		0 		1
2		85		1000		4		0.573661 		0 		1
2		85		1000		5		0.367143 		0 		1
2		85		1000		6		0.25496 		0 		1
2		85		1000		7		0.187318 		0 		1
2		85		1000		8		0.143415 		0 		1
2		85		1000		9		0.113316 		0 		1
2		85		1000		10		0.0917857 		0 		1

2		90		1000		2		2.29464 		0 		1
2		90		1000		3		1.01984 		0 		1
2		90		1000		4		0.573661 		0 		1
2		90		1000		5		0.367143 		0 		1
2		90		1000		6		0.25496 		0 		1
2		90		1000		7		0.187318 		0 		1
2		90		1000		8		0.143415 		0 		1
2		90		1000		9		0.113316 		0 		1
2		90		1000		10		0.0917857 		0 		1

2		95		1000		2		2.29464 		0 		1
2		95		1000		3		1.01984 		0 		1
2		95		1000		4		0.573661 		0 		1
2		95		1000		5		0.367143 		0 		1
2		95		1000		6		0.25496 		0 		1
2		95		1000		7		0.187318 		0 		1
2		95		1000		8		0.143415 		0 		1
2		95		1000		9		0.113316 		0 		1
2		95		1000		10		0.0917857 		0 		1

2		100		1000		2		2.29464 		0 		1
2		100		1000		3		1.01984 		0 		1
2		100		1000		4		0.573661 		0 		1
2		100		1000		5		0.367143 		0 		1
2		100		1000		6		0.25496 		0 		1
2		100		1000		7		0.187318 		0 		1
2		100		1000		8		0.143415 		0 		1
2		100		1000		9		0.113316 		0 		1
2		100		1000		10		0.0917857 		0 		1

2		20		500		2		2.35704 		460.143 		0
2		20		500		3		1.57122 		1239.58 		0
2		20		500		4		1.17835 		1629.25 		0
2		20		500		5		0.942661 		1874.99 		0
2		20		500		6		0.785493 		2202.8 		0
2		20		500		7		0.673192 		3127.56 		0
2		20		500		8		0.589061 		3533.65 		0
2		20		500		9		0.523465 		4283.77 		0
2		20		500		10		0.471132 		17395.4 		0

2		25		500		2		2.35704 		782.788 		0
2		25		500		3		1.57119 		1255.73 		0
2		25		500		4		1.17835 		1852.02 		0
2		25		500		5		0.942615 		2016.11 		0
2		25		500		6		0.785471 		2666.52 		0
2		25		500		7		0.673191 		3380.9 		0
2		25		500		8		0.589 		19150.4 		0
2		25		500		9		0.523527 		4383.1 		0
2		25		500		10		0.471141 		5400.94 		0

2		30		500		2		2.35704 		402.182 		0
2		30		500		3		1.57122 		1619.89 		0
2		30		500		4		1.17835 		1893.28 		0
2		30		500		5		0.942629 		2496.64 		0
2		30		500		6		0.785455 		2571.55 		0
2		30		500		7		0.673225 		3106.57 		0
2		30		500		8		0.588967 		3643.81 		0
2		30		500		9		0.523577 		45707.2 		0
2		30		500		10		0.471163 		17390.8 		0

2		35		500		2		2.35704 		406.139 		0
2		35		500		3		1.57111 		1354.25 		0
2		35		500		4		1.17835 		2035.07 		0
2		35		500		5		0.94263 		2040.18 		0
2		35		500		6		0.785465 		2521.25 		0
2		35		500		7		0.673232 		3201.96 		0
2		35		500		8		0.58903 		19572.9 		0
2		35		500		9		0.523555 		4115.73 		0
2		35		500		10		0.471148 		17338.1 		0

2		40		500		2		2.35704 		661.784 		0
2		40		500		3		1.57121 		1323.04 		0
2		40		500		4		1.17835 		1897 		0
2		40		500		5		0.942613 		2428.28 		0
2		40		500		6		0.785482 		2651.44 		0
2		40		500		7		0.673226 		3091.99 		0
2		40		500		8		0.589032 		3963.75 		0
2		40		500		9		0.523501 		17977.6 		0
2		40		500		10		0.471134 		4882.78 		0

2		45		500		2		2.35704 		716.43 		0
2		45		500		3		1.57123 		1752.18 		0
2		45		500		4		1.17835 		1837.9 		0
2		45		500		5		0.9426 		2316.18 		0
2		45		500		6		0.785436 		2945.64 		0
2		45		500		7		0.673176 		3465.23 		0
2		45		500		8		0.589012 		3999.79 		0
2		45		500		9		0.52354 		18195.7 		0
2		45		500		10		0.471131 		17673.2 		0

2		50		500		2		2.35704 		783.45 		0
2		50		500		3		1.57122 		1129.4 		0
2		50		500		4		1.17834 		1875.53 		0
2		50		500		5		0.942615 		27211.7 		0
2		50		500		6		0.785451 		2577.36 		0
2		50		500		7		0.673206 		3213.79 		0
2		50		500		8		0.588976 		3628.56 		0
2		50		500		9		0.523512 		32532.3 		0
2		50		500		10		0.47109 		4922.29 		0

2		55		500		2		2.35704 		655.096 		0
2		55		500		3		1.5712 		1550.8 		0
2		55		500		4		1.17835 		1687.85 		0
2		55		500		5		0.94257 		2289.23 		0
2		55		500		6		0.785471 		23445.5 		0
2		55		500		7		0.673202 		3128.13 		0
2		55		500		8		0.589024 		19475.3 		0
2		55		500		9		0.52351 		4604.6 		0
2		55		500		10		0.471128 		5265.96 		0

2		60		500		2		2.35704 		717.616 		0
2		60		500		3		1.57122 		1427.56 		0
2		60		500		4		1.17834 		1567.99 		0
2		60		500		5		0.942629 		2473.23 		0
2		60		500		6		0.785471 		2862.87 		0
2		60		500		7		0.673196 		3274.74 		0
2		60		500		8		0.58897 		4177.44 		0
2		60		500		9		0.52342 		4647.03 		0
2		60		500		10		0.471131 		55280.5 		0

2		65		500		2		2.35704 		777.323 		0
2		65		500		3		1.57121 		1041.57 		0
2		65		500		4		0.883779 		1653.96 		1
2		65		500		5		0.754136 		1725.3 		1
2		65		500		6		0.654592 		2554.03 		1
2		65		500		7		0.577044 		3124.51 		1
2		65		500		8		0.515424 		3952.06 		1
2		65		500		9		0.465384 		4371.3 		1
2		65		500		10		0.424023 		5115.14 		1

2		70		500		2		2.35704 		430.869 		0
2		70		500		3		1.50577 		2187.28 		0
2		70		500		4		0.736421 		2546.85 		1
2		70		500		5		0.68339 		3110.67 		1
2		70		500		6		0.621784 		3330.29 		1
2		70		500		7		0.541003 		3934.15 		1
2		70		500		8		0.506008 		4537.49 		1
2		70		500		9		0.45081 		20361.4 		1
2		70		500		10		0.405384 		100682 		1

2		75		500		2		2.06218 		1368 		0
2		75		500		3		0.981657 		2478.94 		1
2		75		500		4		0.552202 		3578.46 		1
2		75		500		5		0.487012 		4040.96 		1
2		75		500		6		0.474216 		5766.23 		1
2		75		500		7		0.432686 		6300.52 		1
2		75		500		8		0.423268 		29598.4 		1
2		75		500		9		0.399844 		8473.04 		1
2		75		500		10		0.36501 		9597.95 		1

2		80		500		2		1.17857 		0 		1
2		80		500		3		0.52381 		0 		1
2		80		500		4		0.294643 		0 		1
2		80		500		5		0.188571 		0 		1
2		80		500		6		0.130952 		0 		1
2		80		500		7		0.0962099 		0 		1
2		80		500		8		0.0736607 		0 		1
2		80		500		9		0.0582011 		0 		1
2		80		500		10		0.0471429 		0 		1

2		85		500		2		1.17857 		0 		1
2		85		500		3		0.52381 		0 		1
2		85		500		4		0.294643 		0 		1
2		85		500		5		0.188571 		0 		1
2		85		500		6		0.130952 		0 		1
2		85		500		7		0.0962099 		0 		1
2		85		500		8		0.0736607 		0 		1
2		85		500		9		0.0582011 		0 		1
2		85		500		10		0.0471429 		0 		1

2		90		500		2		1.17857 		0 		1
2		90		500		3		0.52381 		0 		1
2		90		500		4		0.294643 		0 		1
2		90		500		5		0.188571 		0 		1
2		90		500		6		0.130952 		0 		1
2		90		500		7		0.0962099 		0 		1
2		90		500		8		0.0736607 		0 		1
2		90		500		9		0.0582011 		0 		1
2		90		500		10		0.0471429 		0 		1

2		95		500		2		1.17857 		0 		1
2		95		500		3		0.52381 		0 		1
2		95		500		4		0.294643 		0 		1
2		95		500		5		0.188571 		0 		1
2		95		500		6		0.130952 		0 		1
2		95		500		7		0.0962099 		0 		1
2		95		500		8		0.0736607 		0 		1
2		95		500		9		0.0582011 		0 		1
2		95		500		10		0.0471429 		0 		1

2		100		500		2		1.17857 		0 		1
2		100		500		3		0.52381 		0 		1
2		100		500		4		0.294643 		0 		1
2		100		500		5		0.188571 		0 		1
2		100		500		6		0.130952 		0 		1
2		100		500		7		0.0962099 		0 		1
2		100		500		8		0.0736607 		0 		1
2		100		500		9		0.0582011 		0 		1
2		100		500		10		0.0471429 		0 		1

3		20		1472		2		6.69594 		672.043 		0
3		20		1472		3		4.46333 		1771.78 		0
3		20		1472		4		3.3472 		2373.73 		0
3		20		1472		5		2.67767 		2682.79 		0
3		20		1472		6		2.23105 		3362.78 		0
3		20		1472		7		1.91203 		4774.07 		0
3		20		1472		8		1.67285 		6011.29 		0
3		20		1472		9		1.48677 		6427.88 		0
3		20		1472		10		1.33796 		19830.4 		0

3		25		1472		2		6.69594 		994.688 		0
3		25		1472		3		4.46326 		1787.93 		0
3		25		1472		4		3.34721 		2591.57 		0
3		25		1472		5		2.67746 		3305.28 		0
3		25		1472		6		2.23106 		3930.66 		0
3		25		1472		7		1.91208 		4672.34 		0
3		25		1472		8		1.67256 		5623.3 		0
3		25		1472		9		1.48688 		6341.44 		0
3		25		1472		10		1.33772 		8241.19 		0

3		30		1472		2		6.69594 		614.082 		0
3		30		1472		3		4.46332 		2185.89 		0
3		30		1472		4		3.34716 		2955.73 		0
3		30		1472		5		2.61019 		3636.72 		0
3		30		1472		6		2.23105 		3934.62 		0
3		30		1472		7		1.91201 		4853.14 		0
3		30		1472		8		1.67271 		5951.75 		0
3		30		1472		9		1.48689 		20055.2 		0
3		30		1472		10		1.33793 		7458.53 		0

3		35		1472		2		6.69594 		618.039 		0
3		35		1472		3		4.46294 		1904.45 		0
3		35		1472		4		2.8031 		4388.24 		0
3		35		1472		5		2.25917 		2964.41 		0
3		35		1472		6		2.18344 		4566.32 		0
3		35		1472		7		1.63906 		4214.85 		1
3		35		1472		8		13.5456 		22334.9 		0
3		35		1472		9		1.37962 		20420.7 		0
3		35		1472		10		1.25077 		8144.49 		0

3		40		1472		2		6.69594 		873.684 		0
3		40		1472		3		4.4633 		1855.24 		0
3		40		1472		4		2.51046 		2397.59 		1
3		40		1472		5		2.14207 		3121.63 		1
3		40		1472		6		1.85912 		3765.99 		1
3		40		1472		7		1.63898 		4550.73 		1
3		40		1472		8		1.46386 		4974.7 		1
3		40		1472		9		1.32176 		6100.52 		1
3		40		1472		10		1.20411 		6531.08 		1

3		45		1472		2		6.69594 		928.33 		0
3		45		1472		3		4.46328 		2474.55 		0
3		45		1472		4		2.51053 		1932.79 		1
3		45		1472		5		2.14212 		2856.66 		1
3		45		1472		6		1.85929 		4013.29 		1
3		45		1472		7		1.63909 		4811.27 		1
3		45		1472		8		1.46388 		23258.5 		1
3		45		1472		9		1.32164 		22000.4 		1
3		45		1472		10		1.20408 		7543.27 		1

3		50		1472		2		6.69594 		995.35 		0
3		50		1472		3		2.9757 		1350.97 		1
3		50		1472		4		1.67381 		1441.86 		1
3		50		1472		5		1.60667 		2547.8 		1
3		50		1472		6		1.48749 		2924.45 		1
3		50		1472		7		1.36605 		4335.15 		1
3		50		1472		8		1.12405 		5329.39 		1
3		50		1472		9		0.991437 		5492.82 		1
3		50		1472		10		0.960246 		7565.21 		1

3		55		1472		2		4.60317 		5102.18 		0
3		55		1472		3		2.04551 		2817.81 		1
3		55		1472		4		61.2195 		6064.86 		1
3		55		1472		5		1.07105 		1627.52 		1
3		55		1472		6		1.44027 		5252.04 		1
3		55		1472		7		1.18825 		6777.38 		1
3		55		1472		8		0.855854 		9800.62 		1
3		55		1472		9		0.968807 		8225.64 		1
3		55		1472		10		0.840835 		11701.5 		1

3		60		1472		2		3.34821 		0 		1
3		60		1472		3		1.4881 		0 		1
3		60		1472		4		0.837054 		0 		1
3		60		1472		5		0.535714 		0 		1
3		60		1472		6		0.372024 		0 		1
3		60		1472		7		0.273324 		0 		1
3		60		1472		8		0.209263 		0 		1
3		60		1472		9		0.165344 		0 		1
3		60		1472		10		0.133929 		0 		1

3		65		1472		2		3.34821 		0 		1
3		65		1472		3		1.4881 		0 		1
3		65		1472		4		0.837054 		0 		1
3		65		1472		5		0.535714 		0 		1
3		65		1472		6		0.372024 		0 		1
3		65		1472		7		0.273324 		0 		1
3		65		1472		8		0.209263 		0 		1
3		65		1472		9		0.165344 		0 		1
3		65		1472		10		0.133929 		0 		1

3		70		1472		2		3.34821 		0 		1
3		70		1472		3		1.4881 		0 		1
3		70		1472		4		0.837054 		0 		1
3		70		1472		5		0.535714 		0 		1
3		70		1472		6		0.372024 		0 		1
3		70		1472		7		0.273324 		0 		1
3		70		1472		8		0.209263 		0 		1
3		70		1472		9		0.165344 		0 		1
3		70		1472		10		0.133929 		0 		1

3		75		1472		2		3.34821 		0 		1
3		75		1472		3		1.4881 		0 		1
3		75		1472		4		0.837054 		0 		1
3		75		1472		5		0.535714 		0 		1
3		75		1472		6		0.372024 		0 		1
3		75		1472		7		0.273324 		0 		1
3		75		1472		8		0.209263 		0 		1
3		75		1472		9		0.165344 		0 		1
3		75		1472		10		0.133929 		0 		1

3		80		1472		2		3.34821 		0 		1
3		80		1472		3		1.4881 		0 		1
3		80		1472		4		0.837054 		0 		1
3		80		1472		5		0.535714 		0 		1
3		80		1472		6		0.372024 		0 		1
3		80		1472		7		0.273324 		0 		1
3		80		1472		8		0.209263 		0 		1
3		80		1472		9		0.165344 		0 		1
3		80		1472		10		0.133929 		0 		1

3		85		1472		2		3.34821 		0 		1
3		85		1472		3		1.4881 		0 		1
3		85		1472		4		0.837054 		0 		1
3		85		1472		5		0.535714 		0 		1
3		85		1472		6		0.372024 		0 		1
3		85		1472		7		0.273324 		0 		1
3		85		1472		8		0.209263 		0 		1
3		85		1472		9		0.165344 		0 		1
3		85		1472		10		0.133929 		0 		1

3		90		1472		2		3.34821 		0 		1
3		90		1472		3		1.4881 		0 		1
3		90		1472		4		0.837054 		0 		1
3		90		1472		5		0.535714 		0 		1
3		90		1472		6		0.372024 		0 		1
3		90		1472		7		0.273324 		0 		1
3		90		1472		8		0.209263 		0 		1
3		90		1472		9		0.165344 		0 		1
3		90		1472		10		0.133929 		0 		1

3		95		1472		2		3.34821 		0 		1
3		95		1472		3		1.4881 		0 		1
3		95		1472		4		0.837054 		0 		1
3		95		1472		5		0.535714 		0 		1
3		95		1472		6		0.372024 		0 		1
3		95		1472		7		0.273324 		0 		1
3		95		1472		8		0.209263 		0 		1
3		95		1472		9		0.165344 		0 		1
3		95		1472		10		0.133929 		0 		1

3		100		1472		2		3.34821 		0 		1
3		100		1472		3		1.4881 		0 		1
3		100		1472		4		0.837054 		0 		1
3		100		1472		5		0.535714 		0 		1
3		100		1472		6		0.372024 		0 		1
3		100		1472		7		0.273324 		0 		1
3		100		1472		8		0.209263 		0 		1
3		100		1472		9		0.165344 		0 		1
3		100		1472		10		0.133929 		0 		1

3		20		1000		2		4.58904 		542.443 		0
3		20		1000		3		3.05902 		1447.78 		0
3		20		1000		4		2.29411 		1920.13 		0
3		20		1000		5		1.83524 		2187.07 		0
3		20		1000		6		1.52921 		23483.5 		0
3		20		1000		7		1.31057 		3771.76 		0
3		20		1000		8		1.14675 		4515.9 		0
3		20		1000		9		1.01917 		5084.33 		0
3		20		1000		10		0.91717 		18456.5 		0

3		25		1000		2		4.58904 		865.087 		0
3		25		1000		3		3.05897 		1463.93 		0
3		25		1000		4		2.29411 		2133.92 		0
3		25		1000		5		1.83506 		2665.95 		0
3		25		1000		6		1.52909 		3193.31 		0
3		25		1000		7		1.3105 		3974.92 		0
3		25		1000		8		1.14665 		19905.9 		0
3		25		1000		9		1.01922 		5050.02 		0
3		25		1000		10		0.917197 		18534.4 		0

3		30		1000		2		4.58904 		484.481 		0
3		30		1000		3		3.05902 		1840.29 		0
3		30		1000		4		2.29408 		2462.96 		0
3		30		1000		5		1.83516 		2964.4 		0
3		30		1000		6		1.52918 		3170.52 		0
3		30		1000		7		1.3106 		3762.26 		0
3		30		1000		8		1.14662 		20135.1 		0
3		30		1000		9		1.01918 		18797.3 		0
3		30		1000		10		0.917194 		30654.4 		0

3		35		1000		2		4.58904 		488.439 		0
3		35		1000		3		3.05879 		1569.65 		0
3		35		1000		4		2.02116 		3905.37 		0
3		35		1000		5		1.59641 		3240.64 		0
3		35		1000		6		1.60744 		3546.58 		0
3		35		1000		7		1.20531 		3801.95 		0
3		35		1000		8		1.12872 		4755.62 		0
3		35		1000		9		0.955524 		5163.69 		0
3		35		1000		10		0.873502 		19483.4 		0

3		40		1000		2		4.58904 		744.084 		0
3		40		1000		3		3.059 		1531.24 		0
3		40		1000		4		1.72061 		2008.79 		1
3		40		1000		5		1.46815 		2549.35 		1
3		40		1000		6		1.27427 		3041.26 		1
3		40		1000		7		1.12339 		3623.84 		1
3		40		1000		8		1.00343 		4179.57 		1
3		40		1000		9		0.905812 		20872.2 		1
3		40		1000		10		0.825444 		5325.67 		1

3		45		1000		2		4.58904 		798.73 		0
3		45		1000		3		3.05901 		2049.31 		0
3		45		1000		4		1.72064 		1547.44 		1
3		45		1000		5		1.46818 		2367.29 		1
3		45		1000		6		1.27439 		3224.12 		1
3		45		1000		7		1.12334 		3967.41 		1
3		45		1000		8		1.00335 		4208.42 		1
3		45		1000		9		0.905901 		20847.7 		1
3		45		1000		10		0.825488 		19805.3 		1

3		50		1000		2		4.58904 		865.75 		0
3		50		1000		3		2.03942 		1099.87 		1
3		50		1000		4		1.27212 		6451.27 		1
3		50		1000		5		1.10111 		2057.48 		1
3		50		1000		6		1.01951 		2576.58 		1
3		50		1000		7		0.936241 		3344.86 		1
3		50		1000		8		0.800178 		5453.23 		1
3		50		1000		9		0.73603 		6042.76 		1
3		50		1000		10		0.661998 		5875.87 		1

3		55		1000		2		3.72864 		2037.28 		0
3		55		1000		3		1.76328 		1530.67 		1
3		55		1000		4		0.907899 		2742.87 		1
3		55		1000		5		0.9742 		4588.89 		1
3		55		1000		6		0.922884 		4973.23 		1
3		55		1000		7		0.802337 		6066.6 		1
3		55		1000		8		0.638706 		7970.84 		1
3		55		1000		9		0.62287 		7378.31 		1
3		55		1000		10		0.618998 		9355.12 		1

3		60		1000		2		2.29464 		0 		1
3		60		1000		3		1.01984 		0 		1
3		60		1000		4		0.573661 		0 		1
3		60		1000		5		0.367143 		0 		1
3		60		1000		6		0.25496 		0 		1
3		60		1000		7		0.187318 		0 		1
3		60		1000		8		0.143415 		0 		1
3		60		1000		9		0.113316 		0 		1
3		60		1000		10		0.0917857 		0 		1

3		65		1000		2		2.29464 		0 		1
3		65		1000		3		1.01984 		0 		1
3		65		1000		4		0.573661 		0 		1
3		65		1000		5		0.367143 		0 		1
3		65		1000		6		0.25496 		0 		1
3		65		1000		7		0.187318 		0 		1
3		65		1000		8		0.143415 		0 		1
3		65		1000		9		0.113316 		0 		1
3		65		1000		10		0.0917857 		0 		1

3		70		1000		2		2.29464 		0 		1
3		70		1000		3		1.01984 		0 		1
3		70		1000		4		0.573661 		0 		1
3		70		1000		5		0.367143 		0 		1
3		70		1000		6		0.25496 		0 		1
3		70		1000		7		0.187318 		0 		1
3		70		1000		8		0.143415 		0 		1
3		70		1000		9		0.113316 		0 		1
3		70		1000		10		0.0917857 		0 		1

3		75		1000		2		2.29464 		0 		1
3		75		1000		3		1.01984 		0 		1
3		75		1000		4		0.573661 		0 		1
3		75		1000		5		0.367143 		0 		1
3		75		1000		6		0.25496 		0 		1
3		75		1000		7		0.187318 		0 		1
3		75		1000		8		0.143415 		0 		1
3		75		1000		9		0.113316 		0 		1
3		75		1000		10		0.0917857 		0 		1

3		80		1000		2		2.29464 		0 		1
3		80		1000		3		1.01984 		0 		1
3		80		1000		4		0.573661 		0 		1
3		80		1000		5		0.367143 		0 		1
3		80		1000		6		0.25496 		0 		1
3		80		1000		7		0.187318 		0 		1
3		80		1000		8		0.143415 		0 		1
3		80		1000		9		0.113316 		0 		1
3		80		1000		10		0.0917857 		0 		1

3		85		1000		2		2.29464 		0 		1
3		85		1000		3		1.01984 		0 		1
3		85		1000		4		0.573661 		0 		1
3		85		1000		5		0.367143 		0 		1
3		85		1000		6		0.25496 		0 		1
3		85		1000		7		0.187318 		0 		1
3		85		1000		8		0.143415 		0 		1
3		85		1000		9		0.113316 		0 		1
3		85		1000		10		0.0917857 		0 		1

3		90		1000		2		2.29464 		0 		1
3		90		1000		3		1.01984 		0 		1
3		90		1000		4		0.573661 		0 		1
3		90		1000		5		0.367143 		0 		1
3		90		1000		6		0.25496 		0 		1
3		90		1000		7		0.187318 		0 		1
3		90		1000		8		0.143415 		0 		1
3		90		1000		9		0.113316 		0 		1
3		90		1000		10		0.0917857 		0 		1

3		95		1000		2		2.29464 		0 		1
3		95		1000		3		1.01984 		0 		1
3		95		1000		4		0.573661 		0 		1
3		95		1000		5		0.367143 		0 		1
3		95		1000		6		0.25496 		0 		1
3		95		1000		7		0.187318 		0 		1
3		95		1000		8		0.143415 		0 		1
3		95		1000		9		0.113316 		0 		1
3		95		1000		10		0.0917857 		0 		1

3		100		1000		2		2.29464 		0 		1
3		100		1000		3		1.01984 		0 		1
3		100		1000		4		0.573661 		0 		1
3		100		1000		5		0.367143 		0 		1
3		100		1000		6		0.25496 		0 		1
3		100		1000		7		0.187318 		0 		1
3		100		1000		8		0.143415 		0 		1
3		100		1000		9		0.113316 		0 		1
3		100		1000		10		0.0917857 		0 		1

3		20		500		2		2.35706 		402.043 		0
3		20		500		3		1.57125 		1096.78 		0
3		20		500		4		1.17839 		1428.73 		0
3		20		500		5		0.942693 		1650.94 		0
3		20		500		6		0.785512 		1886.3 		0
3		20		500		7		0.673261 		2850.78 		0
3		20		500		8		0.589077 		3212.18 		0
3		20		500		9		0.523524 		3647.38 		0
3		20		500		10		0.471183 		3929.72 		0

3		25		500		2		2.35706 		724.688 		0
3		25		500		3		1.57123 		1112.93 		0
3		25		500		4		1.17839 		1638.7 		0
3		25		500		5		0.942641 		1977.68 		0
3		25		500		6		0.785458 		2277.17 		0
3		25		500		7		0.67324 		2785.35 		0
3		25		500		8		0.589044 		3322.8 		0
3		25		500		9		0.523596 		3668.58 		0
3		25		500		10		0.471125 		4884.95 		0

3		30		500		2		2.35706 		344.082 		0
3		30		500		3		1.57125 		1413.98 		0
3		30		500		4		1.17838 		1725.07 		0
3		30		500		5		0.942665 		2222.78 		0
3		30		500		6		0.785492 		2293.56 		0
3		30		500		7		0.673248 		2701.41 		0
3		30		500		8		0.58899 		3339.44 		0
3		30		500		9		0.523576 		17397 		0
3		30		500		10		0.471203 		4204.47 		0

3		35		500		2		2.35706 		348.039 		0
3		35		500		3		1.57116 		1206.95 		0
3		35		500		4		1.17838 		2547.64 		0
3		35		500		5		0.942664 		2067.18 		0
3		35		500		6		0.752783 		2293.89 		0
3		35		500		7		0.661219 		3506.31 		0
3		35		500		8		0.579781 		19140.9 		0
3		35		500		9		0.523602 		3697.67 		0
3		35		500		10		0.465244 		5067 		0

3		40		500		2		2.35706 		603.684 		0
3		40		500		3		1.57124 		1180.24 		0
3		40		500		4		0.883796 		1587.59 		1
3		40		500		5		0.754139 		2011.79 		1
3		40		500		6		0.654571 		2292.31 		1
3		40		500		7		0.577097 		2499.06 		1
3		40		500		8		0.51546 		3279.92 		1
3		40		500		9		0.465411 		50389.1 		1
3		40		500		10		0.424073 		3701.67 		1

3		45		500		2		2.35706 		658.33 		0
3		45		500		3		1.57118 		1599.16 		0
3		45		500		4		0.883799 		1184.74 		1
3		45		500		5		0.754097 		1888.7 		1
3		45		500		6		0.654622 		2455.52 		1
3		45		500		7		0.577065 		3136.42 		1
3		45		500		8		0.515397 		3217.24 		1
3		45		500		9		0.465406 		19526.7 		1
3		45		500		10		0.424034 		4330.75 		1

3		50		500		2		2.35706 		725.35 		0
3		50		500		3		1.17844 		1536.39 		0
3		50		500		4		0.65365 		1236.15 		1
3		50		500		5		0.675397 		2484.61 		1
3		50		500		6		0.600065 		2920.84 		1
3		50		500		7		0.522986 		3594.07 		1
3		50		500		8		0.463847 		3868.8 		1
3		50		500		9		0.450422 		4817.22 		1
3		50		500		10		0.397557 		4383.38 		1

3		55		500		2		2.20974 		865.982 		0
3		55		500		3		0.98207 		914.067 		1
3		55		500		4		0.589186 		1462.16 		1
3		55		500		5		0.565587 		2936.1 		1
3		55		500		6		0.507312 		2458 		1
3		55		500		7		0.456844 		3637.96 		1
3		55		500		8		0.349413 		5186.16 		1
3		55		500		9		0.333332 		3999.51 		1
3		55		500		10		0.329735 		5303.91 		1

3		60		500		2		1.17857 		0 		1
3		60		500		3		0.52381 		0 		1
3		60		500		4		0.294643 		0 		1
3		60		500		5		0.188571 		0 		1
3		60		500		6		0.130952 		0 		1
3		60		500		7		0.0962099 		0 		1
3		60		500		8		0.0736607 		0 		1
3		60		500		9		0.0708278 		16583.2 		1
3		60		500		10		0.0471429 		0 		1

3		65		500		2		1.17857 		0 		1
3		65		500		3		0.52381 		0 		1
3		65		500		4		0.294643 		0 		1
3		65		500		5		0.188571 		0 		1
3		65		500		6		0.130952 		0 		1
3		65		500		7		0.0962099 		0 		1
3		65		500		8		0.0736607 		0 		1
3		65		500		9		0.0582011 		0 		1
3		65		500		10		0.0471429 		0 		1

3		70		500		2		1.17857 		0 		1
3		70		500		3		0.52381 		0 		1
3		70		500		4		0.294643 		0 		1
3		70		500		5		0.188571 		0 		1
3		70		500		6		0.130952 		0 		1
3		70		500		7		0.0962099 		0 		1
3		70		500		8		0.0736607 		0 		1
3		70		500		9		0.0582011 		0 		1
3		70		500		10		0.0471429 		0 		1

3		75		500		2		1.17857 		0 		1
3		75		500		3		0.52381 		0 		1
3		75		500		4		0.294643 		0 		1
3		75		500		5		0.188571 		0 		1
3		75		500		6		0.130952 		0 		1
3		75		500		7		0.0962099 		0 		1
3		75		500		8		0.0736607 		0 		1
3		75		500		9		0.0582011 		0 		1
3		75		500		10		0.0471429 		0 		1

3		80		500		2		1.17857 		0 		1
3		80		500		3		0.52381 		0 		1
3		80		500		4		0.294643 		0 		1
3		80		500		5		0.188571 		0 		1
3		80		500		6		0.130952 		0 		1
3		80		500		7		0.0962099 		0 		1
3		80		500		8		0.0736607 		0 		1
3		80		500		9		0.0582011 		0 		1
3		80		500		10		0.0471429 		0 		1

3		85		500		2		1.17857 		0 		1
3		85		500		3		0.52381 		0 		1
3		85		500		4		0.294643 		0 		1
3		85		500		5		0.188571 		0 		1
3		85		500		6		0.130952 		0 		1
3		85		500		7		0.0962099 		0 		1
3		85		500		8		0.0736607 		0 		1
3		85		500		9		0.0582011 		0 		1
3		85		500		10		0.0471429 		0 		1

3		90		500		2		1.17857 		0 		1
3		90		500		3		0.52381 		0 		1
3		90		500		4		0.294643 		0 		1
3		90		500		5		0.188571 		0 		1
3		90		500		6		0.130952 		0 		1
3		90		500		7		0.0962099 		0 		1
3		90		500		8		0.0736607 		0 		1
3		90		500		9		0.0582011 		0 		1
3		90		500		10		0.0471429 		0 		1

3		95		500		2		1.17857 		0 		1
3		95		500		3		0.52381 		0 		1
3		95		500		4		0.294643 		0 		1
3		95		500		5		0.188571 		0 		1
3		95		500		6		0.130952 		0 		1
3		95		500		7		0.0962099 		0 		1
3		95		500		8		0.0736607 		0 		1
3		95		500		9		0.0582011 		0 		1
3		95		500		10		0.0471429 		0 		1

3		100		500		2		1.17857 		0 		1
3		100		500		3		0.52381 		0 		1
3		100		500		4		0.294643 		0 		1
3		100		500		5		0.188571 		0 		1
3		100		500		6		0.130952 		0 		1
3		100		500		7		0.0962099 		0 		1
3		100		500		8		0.0736607 		0 		1
3		100		500		9		0.0582011 		0 		1
3		100		500		10		0.0471429 		0 		1

4		20		1472		2		6.69608 		530.293 		0
4		20		1472		3		4.46357 		1418.98 		0
4		20		1472		4		2.5107 		1516.12 		1
4		20		1472		5		2.14246 		1999.56 		1
4		20		1472		6		1.8594 		2700.84 		1
4		20		1472		7		1.63931 		3774.25 		1
4		20		1472		8		1.28119 		4248.25 		1
4		20		1472		9		1.23918 		6145.16 		1
4		20		1472		10		1.13763 		6250.39 		1

4		25		1472		2		6.69608 		852.938 		0
4		25		1472		3		4.46349 		1435.13 		0
4		25		1472		4		2.51071 		1686.13 		1
4		25		1472		5		2.14231 		2461.95 		1
4		25		1472		6		1.85943 		2789.61 		1
4		25		1472		7		1.63929 		3602.39 		1
4		25		1472		8		1.25508 		3708.11 		1
4		25		1472		9		1.15653 		4676.38 		1
4		25		1472		10		1.07066 		5600.93 		1

4		30		1472		2		6.69608 		472.332 		0
4		30		1472		3		4.46356 		1845.33 		0
4		30		1472		4		2.51041 		2176.19 		1
4		30		1472		5		2.14232 		2475.34 		1
4		30		1472		6		1.85952 		3149.31 		1
4		30		1472		7		1.63925 		3205.39 		1
4		30		1472		8		1.25499 		3538.83 		1
4		30		1472		9		1.15683 		22262.3 		1
4		30		1472		10		1.07077 		20584.3 		1

4		35		1472		2		6.69608 		476.289 		0
4		35		1472		3		2.9758 		911.427 		1
4		35		1472		4		1.67389 		1186.02 		1
4		35		1472		5		1.60687 		1903.11 		1
4		35		1472		6		1.48749 		2574.2 		1
4		35		1472		7		1.36613 		3035.75 		1
4		35		1472		8		1.04583 		28756.7 		1
4		35		1472		9		0.991495 		4041.44 		1
4		35		1472		10		0.936934 		59066.2 		1

4		40		1472		2		6.69608 		832.584 		0
4		40		1472		3		2.97603 		846.809 		1
4		40		1472		4		1.67402 		792.449 		1
4		40		1472		5		1.60662 		2256.58 		1
4		40		1472		6		1.48767 		2388.21 		1
4		40		1472		7		1.3661 		2924.58 		1
4		40		1472		8		1.04582 		3980.5 		1
4		40		1472		9		0.991614 		4268.29 		1
4		40		1472		10		0.937028 		23078.9 		1

4		45		1472		2		3.34821 		0 		1
4		45		1472		3		1.4881 		0 		1
4		45		1472		4		0.837054 		0 		1
4		45		1472		5		0.847199 		4442.76 		1
4		45		1472		6		0.619249 		8813.53 		1
4		45		1472		7		0.682519 		15560.9 		1
4		45		1472		8		0.468627 		13115.3 		1
4		45		1472		9		0.566919 		14641.2 		1
4		45		1472		10		0.467931 		54967.5 		1

4		50		1472		2		3.34821 		0 		1
4		50		1472		3		1.4881 		0 		1
4		50		1472		4		0.837054 		0 		1
4		50		1472		5		0.535714 		0 		1
4		50		1472		6		0.372024 		0 		1
4		50		1472		7		0.273324 		0 		1
4		50		1472		8		0.209263 		0 		1
4		50		1472		9		0.165344 		0 		1
4		50		1472		10		0.133929 		0 		1

4		55		1472		2		3.34821 		0 		1
4		55		1472		3		1.4881 		0 		1
4		55		1472		4		0.837054 		0 		1
4		55		1472		5		0.535714 		0 		1
4		55		1472		6		0.372024 		0 		1
4		55		1472		7		0.273324 		0 		1
4		55		1472		8		0.209263 		0 		1
4		55		1472		9		0.165344 		0 		1
4		55		1472		10		0.133929 		0 		1

4		60		1472		2		3.34821 		0 		1
4		60		1472		3		1.4881 		0 		1
4		60		1472		4		0.837054 		0 		1
4		60		1472		5		0.535714 		0 		1
4		60		1472		6		0.372024 		0 		1
4		60		1472		7		0.273324 		0 		1
4		60		1472		8		0.209263 		0 		1
4		60		1472		9		0.165344 		0 		1
4		60		1472		10		0.133929 		0 		1

4		65		1472		2		3.34821 		0 		1
4		65		1472		3		1.4881 		0 		1
4		65		1472		4		0.837054 		0 		1
4		65		1472		5		0.535714 		0 		1
4		65		1472		6		0.372024 		0 		1
4		65		1472		7		0.273324 		0 		1
4		65		1472		8		0.209263 		0 		1
4		65		1472		9		0.165344 		0 		1
4		65		1472		10		0.133929 		0 		1

4		70		1472		2		3.34821 		0 		1
4		70		1472		3		1.4881 		0 		1
4		70		1472		4		0.837054 		0 		1
4		70		1472		5		0.535714 		0 		1
4		70		1472		6		0.372024 		0 		1
4		70		1472		7		0.273324 		0 		1
4		70		1472		8		0.209263 		0 		1
4		70		1472		9		0.165344 		0 		1
4		70		1472		10		0.133929 		0 		1

4		75		1472		2		3.34821 		0 		1
4		75		1472		3		1.4881 		0 		1
4		75		1472		4		0.837054 		0 		1
4		75		1472		5		0.535714 		0 		1
4		75		1472		6		0.372024 		0 		1
4		75		1472		7		0.273324 		0 		1
4		75		1472		8		0.209263 		0 		1
4		75		1472		9		0.165344 		0 		1
4		75		1472		10		0.133929 		0 		1

4		80		1472		2		3.34821 		0 		1
4		80		1472		3		1.4881 		0 		1
4		80		1472		4		0.837054 		0 		1
4		80		1472		5		0.535714 		0 		1
4		80		1472		6		0.372024 		0 		1
4		80		1472		7		0.273324 		0 		1
4		80		1472		8		0.209263 		0 		1
4		80		1472		9		0.165344 		0 		1
4		80		1472		10		0.133929 		0 		1

4		85		1472		2		3.34821 		0 		1
4		85		1472		3		1.4881 		0 		1
4		85		1472		4		0.837054 		0 		1
4		85		1472		5		0.535714 		0 		1
4		85		1472		6		0.372024 		0 		1
4		85		1472		7		0.273324 		0 		1
4		85		1472		8		0.209263 		0 		1
4		85		1472		9		0.165344 		0 		1
4		85		1472		10		0.133929 		0 		1

4		90		1472		2		3.34821 		0 		1
4		90		1472		3		1.4881 		0 		1
4		90		1472		4		0.837054 		0 		1
4		90		1472		5		0.535714 		0 		1
4		90		1472		6		0.372024 		0 		1
4		90		1472		7		0.273324 		0 		1
4		90		1472		8		0.209263 		0 		1
4		90		1472		9		0.165344 		0 		1
4		90		1472		10		0.133929 		0 		1

4		95		1472		2		3.34821 		0 		1
4		95		1472		3		1.4881 		0 		1
4		95		1472		4		0.837054 		0 		1
4		95		1472		5		0.535714 		0 		1
4		95		1472		6		0.372024 		0 		1
4		95		1472		7		0.273324 		0 		1
4		95		1472		8		0.209263 		0 		1
4		95		1472		9		0.165344 		0 		1
4		95		1472		10		0.133929 		0 		1

4		100		1472		2		3.34821 		0 		1
4		100		1472		3		1.4881 		0 		1
4		100		1472		4		0.837054 		0 		1
4		100		1472		5		0.535714 		0 		1
4		100		1472		6		0.372024 		0 		1
4		100		1472		7		0.273324 		0 		1
4		100		1472		8		0.209263 		0 		1
4		100		1472		9		0.165344 		0 		1
4		100		1472		10		0.133929 		0 		1

4		20		1000		2		4.5891 		440.293 		0
4		20		1000		3		3.05914 		1193.98 		0
4		20		1000		4		1.72072 		1291.12 		1
4		20		1000		5		1.46836 		1726.75 		1
4		20		1000		6		1.27443 		2416.74 		1
4		20		1000		7		1.12356 		3237.64 		1
4		20		1000		8		0.964623 		3992.6 		1
4		20		1000		9		0.891811 		4604.89 		1
4		20		1000		10		0.768276 		4879.16 		1

4		25		1000		2		4.5891 		762.938 		0
4		25		1000		3		3.05909 		1210.13 		0
4		25		1000		4		1.72073 		1461.13 		1
4		25		1000		5		1.46827 		2097.09 		1
4		25		1000		6		1.27441 		2343.91 		1
4		25		1000		7		1.12349 		2957.28 		1
4		25		1000		8		0.881019 		3497.06 		1
4		25		1000		9		0.792841 		3774.32 		1
4		25		1000		10		0.74718 		5221.87 		1

4		30		1000		2		4.5891 		382.332 		0
4		30		1000		3		3.05913 		1513.28 		0
4		30		1000		4		1.72066 		1879.75 		1
4		30		1000		5		1.46829 		2098.08 		1
4		30		1000		6		1.27434 		2615.74 		1
4		30		1000		7		1.12352 		2691.4 		1
4		30		1000		8		0.860177 		3066.54 		1
4		30		1000		9		0.792918 		3567.02 		1
4		30		1000		10		0.733938 		35256.3 		1

4		35		1000		2		4.5891 		386.289 		0
4		35		1000		3		2.92943 		1724.5 		0
4		35		1000		4		1.29055 		1673.93 		1
4		35		1000		5		1.10125 		1601.02 		1
4		35		1000		6		1.01951 		2139.28 		1
4		35		1000		7		0.936355 		2607.82 		1
4		35		1000		8		0.716757 		3102.58 		1
4		35		1000		9		0.679604 		3447.46 		1
4		35		1000		10		0.662241 		51060.6 		1

4		40		1000		2		4.5891 		731.334 		0
4		40		1000		3		2.0396 		756.809 		1
4		40		1000		4		1.14728 		674.324 		1
4		40		1000		5		1.10112 		2005.33 		1
4		40		1000		6		1.0196 		2019.03 		1
4		40		1000		7		0.936336 		2446.62 		1
4		40		1000		8		0.716713 		3732.31 		1
4		40		1000		9		0.679565 		3547.2 		1
4		40		1000		10		0.642086 		4146.48 		1

4		45		1000		2		2.29464 		0 		1
4		45		1000		3		1.01984 		0 		1
4		45		1000		4		0.573661 		0 		1
4		45		1000		5		0.634783 		3624.07 		1
4		45		1000		6		0.66901 		6393.52 		1
4		45		1000		7		0.604156 		11472.1 		1
4		45		1000		8		0.483718 		6527.81 		1
4		45		1000		9		0.466575 		11358.7 		1
4		45		1000		10		0.421751 		14585.1 		1

4		50		1000		2		2.29464 		0 		1
4		50		1000		3		1.01984 		0 		1
4		50		1000		4		0.573661 		0 		1
4		50		1000		5		0.367143 		0 		1
4		50		1000		6		0.25496 		0 		1
4		50		1000		7		0.187318 		0 		1
4		50		1000		8		0.143415 		0 		1
4		50		1000		9		0.113316 		0 		1
4		50		1000		10		0.0917857 		0 		1

4		55		1000		2		2.29464 		0 		1
4		55		1000		3		1.01984 		0 		1
4		55		1000		4		0.573661 		0 		1
4		55		1000		5		0.367143 		0 		1
4		55		1000		6		0.25496 		0 		1
4		55		1000		7		0.187318 		0 		1
4		55		1000		8		0.143415 		0 		1
4		55		1000		9		0.113316 		0 		1
4		55		1000		10		0.0917857 		0 		1

4		60		1000		2		2.29464 		0 		1
4		60		1000		3		1.01984 		0 		1
4		60		1000		4		0.573661 		0 		1
4		60		1000		5		0.367143 		0 		1
4		60		1000		6		0.25496 		0 		1
4		60		1000		7		0.187318 		0 		1
4		60		1000		8		0.143415 		0 		1
4		60		1000		9		0.113316 		0 		1
4		60		1000		10		0.0917857 		0 		1

4		65		1000		2		2.29464 		0 		1
4		65		1000		3		1.01984 		0 		1
4		65		1000		4		0.573661 		0 		1
4		65		1000		5		0.367143 		0 		1
4		65		1000		6		0.25496 		0 		1
4		65		1000		7		0.187318 		0 		1
4		65		1000		8		0.143415 		0 		1
4		65		1000		9		0.113316 		0 		1
4		65		1000		10		0.0917857 		0 		1

4		70		1000		2		2.29464 		0 		1
4		70		1000		3		1.01984 		0 		1
4		70		1000		4		0.573661 		0 		1
4		70		1000		5		0.367143 		0 		1
4		70		1000		6		0.25496 		0 		1
4		70		1000		7		0.187318 		0 		1
4		70		1000		8		0.143415 		0 		1
4		70		1000		9		0.113316 		0 		1
4		70		1000		10		0.0917857 		0 		1

4		75		1000		2		2.29464 		0 		1
4		75		1000		3		1.01984 		0 		1
4		75		1000		4		0.573661 		0 		1
4		75		1000		5		0.367143 		0 		1
4		75		1000		6		0.25496 		0 		1
4		75		1000		7		0.187318 		0 		1
4		75		1000		8		0.143415 		0 		1
4		75		1000		9		0.113316 		0 		1
4		75		1000		10		0.0917857 		0 		1

4		80		1000		2		2.29464 		0 		1
4		80		1000		3		1.01984 		0 		1
4		80		1000		4		0.573661 		0 		1
4		80		1000		5		0.367143 		0 		1
4		80		1000		6		0.25496 		0 		1
4		80		1000		7		0.187318 		0 		1
4		80		1000		8		0.143415 		0 		1
4		80		1000		9		0.113316 		0 		1
4		80		1000		10		0.0917857 		0 		1

4		85		1000		2		2.29464 		0 		1
4		85		1000		3		1.01984 		0 		1
4		85		1000		4		0.573661 		0 		1
4		85		1000		5		0.367143 		0 		1
4		85		1000		6		0.25496 		0 		1
4		85		1000		7		0.187318 		0 		1
4		85		1000		8		0.143415 		0 		1
4		85		1000		9		0.113316 		0 		1
4		85		1000		10		0.0917857 		0 		1

4		90		1000		2		2.29464 		0 		1
4		90		1000		3		1.01984 		0 		1
4		90		1000		4		0.573661 		0 		1
4		90		1000		5		0.367143 		0 		1
4		90		1000		6		0.25496 		0 		1
4		90		1000		7		0.187318 		0 		1
4		90		1000		8		0.143415 		0 		1
4		90		1000		9		0.113316 		0 		1
4		90		1000		10		0.0917857 		0 		1

4		95		1000		2		2.29464 		0 		1
4		95		1000		3		1.01984 		0 		1
4		95		1000		4		0.573661 		0 		1
4		95		1000		5		0.367143 		0 		1
4		95		1000		6		0.25496 		0 		1
4		95		1000		7		0.187318 		0 		1
4		95		1000		8		0.143415 		0 		1
4		95		1000		9		0.113316 		0 		1
4		95		1000		10		0.0917857 		0 		1

4		100		1000		2		2.29464 		0 		1
4		100		1000		3		1.01984 		0 		1
4		100		1000		4		0.573661 		0 		1
4		100		1000		5		0.367143 		0 		1
4		100		1000		6		0.25496 		0 		1
4		100		1000		7		0.187318 		0 		1
4		100		1000		8		0.143415 		0 		1
4		100		1000		9		0.113316 		0 		1
4		100		1000		10		0.0917857 		0 		1

4		20		500		2		2.35708 		350.293 		0
4		20		500		3		1.57128 		968.976 		0
4		20		500		4		0.883822 		1088.12 		1
4		20		500		5		0.754205 		1453.94 		1
4		20		500		6		0.654636 		1813.26 		1
4		20		500		7		0.577093 		2607.97 		1
4		20		500		8		0.506219 		2848.84 		1
4		20		500		9		0.465424 		3611.04 		1
4		20		500		10		0.424095 		3674.49 		1

4		25		500		2		2.35708 		672.938 		0
4		25		500		3		1.57126 		985.135 		0
4		25		500		4		0.883818 		1337.92 		1
4		25		500		5		0.75416 		1707.68 		1
4		25		500		6		0.654615 		1823.18 		1
4		25		500		7		0.577104 		2538.68 		1
4		25		500		8		0.506217 		3025.05 		1
4		25		500		9		0.441164 		3442.06 		1
4		25		500		10		0.404296 		4519.51 		1

4		30		500		2		2.35708 		292.332 		0
4		30		500		3		1.57128 		1322.75 		0
4		30		500		4		0.883813 		1688.2 		1
4		30		500		5		0.754147 		1815.19 		1
4		30		500		6		0.654637 		1976.33 		1
4		30		500		7		0.577113 		2037.07 		1
4		30		500		8		0.441786 		2475.37 		1
4		30		500		9		0.407251 		2888.53 		1
4		30		500		10		0.377005 		34587.9 		1

4		35		500		2		2.35708 		296.289 		0
4		35		500		3		1.42894 		1695.26 		0
4		35		500		4		0.795409 		2022.82 		1
4		35		500		5		0.636339 		1665.9 		1
4		35		500		6		0.592417 		2295.18 		1
4		35		500		7		0.508958 		2615.72 		1
4		35		500		8		0.395784 		3396.92 		1
4		35		500		9		0.450363 		3496.11 		1
4		35		500		10		0.32988 		21266.4 		1

4		40		500		2		2.35708 		630.084 		0
4		40		500		3		1.04759 		666.809 		1
4		40		500		4		0.58927 		511.075 		1
4		40		500		5		0.565638 		1552.42 		1
4		40		500		6		0.52365 		1796.22 		1
4		40		500		7		0.480905 		2188.89 		1
4		40		500		8		0.36822 		2340.1 		1
4		40		500		9		0.349127 		2731.29 		1
4		40		500		10		0.329872 		3069.86 		1

4		45		500		2		1.17857 		0 		1
4		45		500		3		0.52381 		0 		1
4		45		500		4		0.294643 		0 		1
4		45		500		5		0.377072 		2054.65 		1
4		45		500		6		0.392604 		45198.9 		1
4		45		500		7		0.38462 		3853.71 		1
4		45		500		8		0.295823 		4799.41 		1
4		45		500		9		0.28355 		5075.79 		1
4		45		500		10		0.282723 		7328.69 		1

4		50		500		2		1.17857 		0 		1
4		50		500		3		0.52381 		0 		1
4		50		500		4		0.294643 		0 		1
4		50		500		5		0.188571 		0 		1
4		50		500		6		0.130952 		0 		1
4		50		500		7		0.0962099 		0 		1
4		50		500		8		0.0736607 		0 		1
4		50		500		9		0.0582011 		0 		1
4		50		500		10		0.0471429 		0 		1

4		55		500		2		1.17857 		0 		1
4		55		500		3		0.52381 		0 		1
4		55		500		4		0.294643 		0 		1
4		55		500		5		0.188571 		0 		1
4		55		500		6		0.130952 		0 		1
4		55		500		7		0.0962099 		0 		1
4		55		500		8		0.0736607 		0 		1
4		55		500		9		0.0582011 		0 		1
4		55		500		10		0.0471429 		0 		1

4		60		500		2		1.17857 		0 		1
4		60		500		3		0.52381 		0 		1
4		60		500		4		0.294643 		0 		1
4		60		500		5		0.188571 		0 		1
4		60		500		6		0.130952 		0 		1
4		60		500		7		0.0962099 		0 		1
4		60		500		8		0.0736607 		0 		1
4		60		500		9		0.0582011 		0 		1
4		60		500		10		0.0471429 		0 		1

4		65		500		2		1.17857 		0 		1
4		65		500		3		0.52381 		0 		1
4		65		500		4		0.294643 		0 		1
4		65		500		5		0.188571 		0 		1
4		65		500		6		0.130952 		0 		1
4		65		500		7		0.0962099 		0 		1
4		65		500		8		0.0736607 		0 		1
4		65		500		9		0.0582011 		0 		1
4		65		500		10		0.0471429 		0 		1

4		70		500		2		1.17857 		0 		1
4		70		500		3		0.52381 		0 		1
4		70		500		4		0.294643 		0 		1
4		70		500		5		0.188571 		0 		1
4		70		500		6		0.130952 		0 		1
4		70		500		7		0.0962099 		0 		1
4		70		500		8		0.0736607 		0 		1
4		70		500		9		0.0582011 		0 		1
4		70		500		10		0.0471429 		0 		1

4		75		500		2		1.17857 		0 		1
4		75		500		3		0.52381 		0 		1
4		75		500		4		0.294643 		0 		1
4		75		500		5		0.188571 		0 		1
4		75		500		6		0.130952 		0 		1
4		75		500		7		0.0962099 		0 		1
4		75		500		8		0.0736607 		0 		1
4		75		500		9		0.0582011 		0 		1
4		75		500		10		0.0471429 		0 		1

4		80		500		2		1.17857 		0 		1
4		80		500		3		0.52381 		0 		1
4		80		500		4		0.294643 		0 		1
4		80		500		5		0.188571 		0 		1
4		80		500		6		0.130952 		0 		1
4		80		500		7		0.0962099 		0 		1
4		80		500		8		0.0736607 		0 		1
4		80		500		9		0.0582011 		0 		1
4		80		500		10		0.0471429 		0 		1

4		85		500		2		1.17857 		0 		1
4		85		500		3		0.52381 		0 		1
4		85		500		4		0.294643 		0 		1
4		85		500		5		0.188571 		0 		1
4		85		500		6		0.130952 		0 		1
4		85		500		7		0.0962099 		0 		1
4		85		500		8		0.0736607 		0 		1
4		85		500		9		0.0582011 		0 		1
4		85		500		10		0.0471429 		0 		1

4		90		500		2		1.17857 		0 		1
4		90		500		3		0.52381 		0 		1
4		90		500		4		0.294643 		0 		1
4		90		500		5		0.188571 		0 		1
4		90		500		6		0.130952 		0 		1
4		90		500		7		0.0962099 		0 		1
4		90		500		8		0.0736607 		0 		1
4		90		500		9		0.0582011 		0 		1
4		90		500		10		0.0471429 		0 		1

4		95		500		2		1.17857 		0 		1
4		95		500		3		0.52381 		0 		1
4		95		500		4		0.294643 		0 		1
4		95		500		5		0.188571 		0 		1
4		95		500		6		0.130952 		0 		1
4		95		500		7		0.0962099 		0 		1
4		95		500		8		0.0736607 		0 		1
4		95		500		9		0.0582011 		0 		1
4		95		500		10		0.0471429 		0 		1

4		100		500		2		1.17857 		0 		1
4		100		500		3		0.52381 		0 		1
4		100		500		4		0.294643 		0 		1
4		100		500		5		0.188571 		0 		1
4		100		500		6		0.130952 		0 		1
4		100		500		7		0.0962099 		0 		1
4		100		500		8		0.0736607 		0 		1
4		100		500		9		0.0582011 		0 		1
4		100		500		10		0.0471429 		0 		1
